Nombre;Apellido;Email;Trabajo;Direcci√≥n
Andre Stokes;Grady;Brian28@yahoo.com;Customer Data Facilitator;Fort Rebekahton
Christine Yost;Pagac;Candelario_Pagac58@gmail.com;Chief Identity Executive;New Alberta
Terry Schultz;Jast;Aida87@hotmail.com;Chief Directives Administrator;Monahanport
Tricia Padberg;Crooks;Annabell_Orn@hotmail.com;Dynamic Data Director;Royview
Lorraine Friesen;Kuhic;Julien_Wintheiser39@gmail.com;Direct Solutions Orchestrator;Jamesonmouth
Terrell Howell;Ward;Kraig.Dickens91@gmail.com;Legacy Solutions Agent;Davie
Bernard Becker;McGlynn;Christ_Mraz@yahoo.com;Investor Implementation Assistant;Kiaraville
Mrs. Alvin Altenwerth;Carter;Rhiannon.Marvin@gmail.com;Lead Security Orchestrator;Camden
Krystal Gleichner;Goodwin;Coy80@yahoo.com;Legacy Accountability Executive;Port Jorge
Lorenzo Altenwerth;Blick;Mario_Hyatt55@gmail.com;Direct Configuration Designer;Malcolmboro
Margarita Becker;Balistreri;Demarco.Casper85@gmail.com;Global Tactics Liaison;Menifee
Ted Bednar;Ullrich;Dereck.Bergstrom@gmail.com;Internal Accountability Consultant;Laguna Niguel
Gertrude Conn;Runte;Keegan73@gmail.com;Dynamic Infrastructure Technician;Greenfelderland
Dr. Joyce Heaney;Bruen;Uriah.OHara10@yahoo.com;Lead Identity Administrator;Carson City
Courtney Goodwin;Mertz;Alexandro34@gmail.com;Chief Group Consultant;Baltimore
Stuart Langosh;Franecki;Desiree_Hudson@yahoo.com;Global Optimization Designer;Port Karianneboro
Rufus Harris;Schuppe;Alec.Kuhn@gmail.com;Product Security Designer;Canton
Christian Collier;Kling;Annette63@hotmail.com;Customer Data Coordinator;Yorba Linda
Dave Leffler;Hoeger;Frankie_Kirlin@gmail.com;Global Implementation Coordinator;North Kaleyport
Claire White;Cummerata;Amy85@gmail.com;Forward Infrastructure Consultant;Port Willardstead
Albert Kling;Zboncak;Brandy.Zboncak@gmail.com;Direct Mobility Technician;Roweside
Cindy Runolfsson;Farrell;Concepcion_Grant@hotmail.com;Dynamic Functionality Strategist;Sipesboro
Allan Turner;Boyle;Santina.Herzog@hotmail.com;Central Identity Representative;Huelsmouth
Jose Rau;Stark;Cristopher.Metz44@yahoo.com;Future Applications Manager;Sheboygan
Bertha Bartoletti;Auer;Velma_Macejkovic@yahoo.com;Global Optimization Designer;Fort Jaronview
Josefina Hagenes;O'Conner;Lucio98@yahoo.com;International Marketing Designer;University
Miss Abel West;Harvey;Florence12@hotmail.com;Global Implementation Technician;Shanyside
Miss Leigh Runolfsdottir;McGlynn;April98@gmail.com;Central Security Analyst;Davonteton
Ms. Eunice Kihn;Daugherty;Ashton_Reichert43@gmail.com;Senior Applications Strategist;Port Brett
Katrina McLaughlin;Casper;Tad_Hayes@gmail.com;Central Operations Technician;Wiltonville
Cedric Oberbrunner;Walsh;Annie_Kemmer@yahoo.com;District Accountability Facilitator;New Brunswick
Stewart Gleichner;Streich;Astrid95@hotmail.com;Corporate Marketing Analyst;Destinyboro
Jay Moen;Wilkinson;Russ67@hotmail.com;Forward Factors Strategist;North Joshua
Hector Lockman;Farrell;Donato.Mann@yahoo.com;Forward Web Officer;North Martinmouth
Pamela Kiehn PhD;Lebsack;Joannie93@hotmail.com;Lead Integration Manager;Lake Anniefield
Darlene Denesik;Jerde;Erika53@yahoo.com;Central Applications Developer;North Marjolaine
Geneva Brakus;Romaguera;Dax_Windler73@yahoo.com;Product Web Consultant;Aprilville
Dr. Bill Gulgowski;Hane;Dudley11@yahoo.com;Future Quality Liaison;New Turnershire
Latoya Bashirian;Turner;Grant.Hahn92@hotmail.com;International Program Associate;Carlsbad
Brian Pouros IV;Cruickshank;Jaylen53@hotmail.com;Corporate Identity Consultant;Kuhictown
Louise Johnston;Volkman;Jonathan_Rau84@hotmail.com;Legacy Interactions Executive;Jaskolskibury
Robyn Kuhlman;Lindgren;Tate.Casper@gmail.com;Global Identity Engineer;Port Toby
Ethel Bayer;Corwin;Alvina2@yahoo.com;Chief Quality Technician;New Matildamouth
Vicky Schmeler;Glover;Theresa62@hotmail.com;Direct Applications Assistant;East Yasmeen
Tommie Jakubowski PhD;Stokes;Eveline_Smitham98@yahoo.com;Customer Identity Engineer;South Estrella
Lorenzo Mueller;Hills;Yvette_Dach33@gmail.com;Future Operations Developer;South Andreanne
Delbert Adams;Braun;River3@hotmail.com;District Response Analyst;New Cortez
Angelina Mills;Johnson;Izaiah_Jerde23@hotmail.com;Dynamic Research Technician;Rockford
Gladys Lind;Gutkowski;Corrine67@yahoo.com;Direct Accounts Consultant;West Hildegard
Mathew McKenzie;Beier;Samara39@gmail.com;Senior Directives Planner;Coachella
Minnie Little;Connelly;Maynard.McGlynn@hotmail.com;District Mobility Planner;Gracielamouth
Meredith Corkery;Prosacco;Grady4@hotmail.com;Lead Directives Director;West Dixieshire
James Schuppe;Murazik;Caden59@yahoo.com;Senior Directives Facilitator;Alvaport
Jenny Roob;Bosco;Aubree.Langworth@yahoo.com;Central Division Supervisor;Atlanta
Bruce Auer;Schmeler;Kallie81@gmail.com;Chief Branding Technician;South Cristobal
Rex Murray;Ruecker;Nina_Medhurst@yahoo.com;Principal Configuration Planner;Fort Trinitytown
Chris Osinski;Osinski;Josianne_Kemmer13@hotmail.com;Human Quality Analyst;North Estrella
Earnest Kihn;Romaguera;Pascale89@gmail.com;Direct Creative Coordinator;Obiechester
Leroy Buckridge;Volkman;Lillie25@gmail.com;Central Accountability Assistant;Edmond
Brittany Howe;Prohaska;Lew_Kshlerin81@yahoo.com;Direct Applications Representative;Queenieburgh
Don Funk;Mitchell;Lucy68@yahoo.com;Forward Directives Architect;Kittyton
Andres Bruen;Koelpin;Kareem_OKon@yahoo.com;Regional Paradigm Strategist;Fort Herbertmouth
Louise Gibson;Emard;Dagmar27@yahoo.com;Human Configuration Developer;West Elsaburgh
Dr. Cory Windler;Hessel;Leonora13@yahoo.com;Future Brand Agent;Fort Katherynstad
Lewis Sauer;Hauck;Quinton33@yahoo.com;Legacy Metrics Strategist;Arden-Arcade
Mrs. Claire Gerhold;Connelly;Astrid.Conroy1@gmail.com;Central Brand Engineer;Eugene
Enrique King;Runte;Abe38@yahoo.com;Global Accounts Producer;Fort Lawsonland
Jonathan Thiel;Hammes;Lewis_Effertz5@hotmail.com;Global Optimization Specialist;South Benedict
Carrie Miller;Koelpin;Herbert88@gmail.com;Investor Factors Liaison;Port Amira
Vernon Bogan;Blick;Monroe_Sauer50@yahoo.com;Forward Solutions Designer;Port Floyd
Noah Gorczany;Rogahn;Liliane.Prosacco@yahoo.com;International Solutions Supervisor;Troy
Arlene Welch;Spencer;Tony20@gmail.com;Future Response Liaison;New Fatimaville
Ms. Rodney Parisian;Schmeler;Juanita_Harris@hotmail.com;District Communications Analyst;Fort Abdullahbury
Rebecca Bernier;Emard;Maurice14@gmail.com;Global Metrics Coordinator;Cassinfort
Omar Lueilwitz;Robel;Jamel_Gleichner@yahoo.com;Chief Applications Consultant;West Raoulfort
Ira Larson;Mraz;Mariana_Bradtke42@yahoo.com;Customer Branding Planner;Port Anahi
Ismael Boehm;Shields;Wiley5@gmail.com;Product Applications Planner;Ellsworthshire
Traci Keebler;Smitham;Garret45@yahoo.com;Dynamic Quality Associate;Smithamburgh
George Lubowitz;Dickinson;Valentina62@yahoo.com;Legacy Integration Planner;South Rosalia
Wesley Ledner;Toy;Abigayle73@gmail.com;District Usability Agent;Kuhnmouth
Isabel O'Connell;Powlowski;Jairo_Nicolas@gmail.com;Global Identity Administrator;Port Nevamouth
Lamar Wilderman;Kunze;Dax.Lakin@gmail.com;Human Metrics Liaison;North Roycefield
Yolanda Marvin DVM;Buckridge;Trace_Corkery@gmail.com;Human Mobility Coordinator;Port Alphonso
Katie Turner;Carter;Sanford74@gmail.com;District Security Specialist;Huntsville
Jerald Zulauf;West;Adolf_Schumm63@gmail.com;Customer Identity Engineer;Dionhaven
Laurie O'Conner;Murphy;Clara16@gmail.com;Dynamic Program Planner;Tellychester
Essie Toy;Bahringer;Katelin34@hotmail.com;Dynamic Optimization Director;Carmel
Mr. Gerardo Howell;Ratke;Neoma79@gmail.com;Dynamic Mobility Director;Thielview
Percy Lueilwitz;Raynor;Columbus.Dooley@yahoo.com;Lead Web Administrator;North Morgan
Olive Schimmel;Gerlach;Demond38@gmail.com;Human Markets Specialist;O'Reillyland
Laurence Pfannerstill;Konopelski;Vinnie.Kihn98@gmail.com;Lead Metrics Technician;Bauchshire
Dr. Gladys Weimann;Hegmann;Matt.Christiansen@gmail.com;Senior Functionality Associate;Hoseafort
Hubert Luettgen;Stanton;Gillian.Armstrong@gmail.com;Investor Marketing Architect;West Shanonside
Dale Pfannerstill;Rath;Rudy_Marvin61@hotmail.com;Central Configuration Executive;Townecester
Morris Dietrich;Gaylord;Catherine.Gutkowski@gmail.com;Product Response Architect;Candidastead
Angie Streich;Gutmann;Julie.Grant@yahoo.com;Future Functionality Representative;Howeton
Karl Donnelly;Roob;Kathryn.Botsford@hotmail.com;Future Configuration Supervisor;Kent
Jody Baumbach;VonRueden;Damon_Hintz@gmail.com;Human Data Director;Port Asiaside
Johnny Ledner;Crist;Shawn56@yahoo.com;District Group Developer;Bennieville
Cecelia Heidenreich Jr.;Rogahn;Jamal.Kuhic56@gmail.com;Future Configuration Liaison;St. Louis
